{"cameraMode":{"drawMode":0,"name":"Shaded","section":"Shading Mode"},"sceneLighting":true,"audioPlay":false,"sceneViewState":{"showFog":true,"showMaterialUpdate":false,"showSkybox":true,"showFlares":true,"showImageEffects":true,"showParticleSystems":true,"showVisualEffectGraphs":true,"m_FxEnabled":true},"in2DMode":false,"pivot":{"x":15.662839889526368,"y":1.4986586570739747,"z":25.266157150268556},"rotation":{"x":0.073032908141613,"y":-0.9223255515098572,"z":0.21576926112174989,"w":0.31215786933898928},"size":10.649087905883789,"orthographic":false}