{"cameraMode":{"drawMode":0,"name":"Shaded","section":"Shading Mode"},"sceneLighting":true,"audioPlay":false,"sceneViewState":{"showFog":true,"showMaterialUpdate":false,"showSkybox":true,"showFlares":true,"showImageEffects":true,"showParticleSystems":true,"showVisualEffectGraphs":true,"m_FxEnabled":true},"in2DMode":false,"pivot":{"x":12.853924751281739,"y":3.3195457458496095,"z":34.61238098144531},"rotation":{"x":0.17634505033493043,"y":-0.7340717315673828,"z":0.20815317332744599,"w":0.6218801140785217},"size":16.413822174072267,"orthographic":false}