{"cameraMode":{"drawMode":0,"name":"Shaded","section":"Shading Mode"},"sceneLighting":true,"audioPlay":false,"sceneViewState":{"showFog":true,"showMaterialUpdate":false,"showSkybox":true,"showFlares":true,"showImageEffects":true,"showParticleSystems":true,"showVisualEffectGraphs":true,"m_FxEnabled":true},"in2DMode":false,"pivot":{"x":16.740936279296876,"y":1.2423328161239625,"z":8.040154457092286},"rotation":{"x":-0.013059761375188828,"y":-0.9834563136100769,"z":0.1625560224056244,"w":-0.07899754494428635},"size":1.3044407367706299,"orthographic":false}