{"cameraMode":{"drawMode":0,"name":"Shaded","section":"Shading Mode"},"sceneLighting":true,"audioPlay":false,"sceneViewState":{"showFog":true,"showMaterialUpdate":false,"showSkybox":true,"showFlares":true,"showImageEffects":true,"showParticleSystems":true,"showVisualEffectGraphs":true,"m_FxEnabled":true},"in2DMode":false,"pivot":{"x":20.631059646606447,"y":0.8946781158447266,"z":4.976001739501953},"rotation":{"x":-0.015549978241324425,"y":-0.9262738823890686,"z":0.37460216879844668,"w":-0.038430843502283099},"size":6.184471607208252,"orthographic":false}